{"schematics":[{"docType":1,"title":"Socket","dataStr":{"head":{"docType":"1","editorVersion":"6.5.50","newgId":true,"c_para":{"Prefix Start":"1"},"c_spiceCmd":"null","hasIdFlag":true,"uuid":"aeac9c7e45614c419bfd8d59d906135c","x":"0","y":"0","portOfADImportHack":"","importFlag":0,"transformList":""},"canvas":"CA~1000~1000~#FFFFFF~yes~#CCCCCC~5~1000~1000~line~5~pixel~5~0~0","shape":["LIB~0~-806~package`NONE`Manufacturer Part`?`spicePre`.`~~0~frame_lib_1~~~0~~yes~yes~~~#@$T~N~570.5~-809~0~#000080~Arial~~~~~comment~A~0~start~gge78~0~#@$PT~M 206 -796 L 206 -806 M 206 -10 L 206 0 M 402 -796 L 402 -806 M 402 -10 L 402 0 M 598 -796 L 598 -806 M 598 -10 L 598 0 M 794 -796 L 794 -806 M 794 -10 L 794 0 M 990 -796 L 990 -806 M 990 -10 L 990 0 M 10 -600 L 0 -600 M 1139 -600 L 1149 -600 M 10 -404 L 0 -404 M 1139 -404 L 1149 -404 M 10 -208 L 0 -208 M 1139 -208 L 1149 -208 M 10 -12 L 0 -12 M 1139 -12 L 1149 -12~#880000~1~0~none~gge6~0~frame_tick#@$T~P~571.5~-818~0~#000080~Arial~~~~~comment~A~0~start~gge77~0~#@$T~L~1.5~-698~0~#880000~~~~~~comment~A~1~start~gge7~0~frame_tick#@$T~L~1140.5~-698~0~#880000~~~~~~comment~A~1~start~gge9~0~frame_tick#@$T~L~1.5~-502~0~#880000~~~~~~comment~B~1~start~gge11~0~frame_tick#@$T~L~1140.5~-502~0~#880000~~~~~~comment~B~1~start~gge13~0~frame_tick#@$T~L~1.5~-306~0~#880000~~~~~~comment~C~1~start~gge15~0~frame_tick#@$T~L~1140.5~-306~0~#880000~~~~~~comment~C~1~start~gge17~0~frame_tick#@$T~L~1.5~-110~0~#880000~~~~~~comment~D~1~start~gge19~0~frame_tick#@$T~L~1140.5~-110~0~#880000~~~~~~comment~D~1~start~gge21~0~frame_tick#@$T~L~108~-797.5~0~#880000~~~~~~comment~1~1~start~gge23~0~frame_tick#@$T~L~108~-1.5~0~#880000~~~~~~comment~1~1~start~gge25~0~frame_tick#@$T~L~304~-797.5~0~#880000~~~~~~comment~2~1~start~gge27~0~frame_tick#@$T~L~304~-1.5~0~#880000~~~~~~comment~2~1~start~gge29~0~frame_tick#@$T~L~500~-797.5~0~#880000~~~~~~comment~3~1~start~gge31~0~frame_tick#@$T~L~500~-1.5~0~#880000~~~~~~comment~3~1~start~gge33~0~frame_tick#@$T~L~696~-797.5~0~#880000~~~~~~comment~4~1~start~gge35~0~frame_tick#@$T~L~696~-1.5~0~#880000~~~~~~comment~4~1~start~gge37~0~frame_tick#@$T~L~892~-797.5~0~#880000~~~~~~comment~5~1~start~gge39~0~frame_tick#@$T~L~892~-1.5~0~#880000~~~~~~comment~5~1~start~gge41~0~frame_tick#@$R~10~-796~~~1129~786~#880000~1~0~none~gge43~0~frame_innerbox#@$R~0~-806~~~1149~806~#880000~1~0~none~gge44~0~frame_outbox#@$R~694.99995~-90~~~444~80~#880000~1~0~none~gge45~0~frame_hitarea#@$PL~695.1 -50.75 1138.63 -50.75~#880000~1~0~none~gge46~0#@$PL~799.63 -30.75 1138.63 -30.75~#880000~1~0~none~gge47~0#@$PL~1059.61 -89.93 1059.63 -50.75~#880000~1~0~none~gge48~0#@$PL~1059.63 -50.75 1059.63 -30.75~#880000~1~0~none~gge49~0#@$T~L~699.99995~-77~0~#880000~~8pt~~~~comment~TITLE:~1~start~gge50~0~pinpart#@$T~L~765~-75~0~#0000FF~~10pt~~~~comment~Socket~1~start~gge52~0~frame_title#@$T~L~1064.62495~-63.75~0~#880000~~8pt~~~~comment~REV:~1~start~gge54~0~pinpart#@$T~L~1102.62495~-63.75~0~#0000FF~~9pt~~~~comment~2~1~start~gge56~0~frame_version#@$T~L~804.62495~-15~0~#880000~~8pt~~~~comment~Date:~1~start~gge58~0~pinpart#@$T~L~851.62495~-14.52~0~#0000FF~~9pt~~~~comment~2025-06-09~1~start~gge60~0~frame_date#@$T~L~1063.62495~-35~0~#880000~~8pt~~~~comment~Sheet:~1~start~gge62~0~pinpart#@$T~L~1108.62495~-34.52~0~#0000FF~~9pt~~~~comment~1\/1~1~start~gge64~0~frame_sheet#@$T~L~943.62495~-14.75~0~#880000~~8pt~~~~comment~Drawn By:~1~start~gge66~0~pinpart#@$T~L~804.62495~-36.75~0~#880000~~8pt~~~~comment~Company:~1~start~gge70~0~pinpart#@$PL~799.63 -50.75 799.63 -10.75~#880000~1~0~none~gge74~0","T~L~765~-110~0~#0000FF~~9pt~~~~comment~B-5870 Socket~1~start~gge4805~0~pinpart","T~L~700~-110~0~#880000~~9pt~undefined~undefined~~comment~BOARD:~1~start~gge4807~0~pinpart","T~L~765~-95~0~#FF0000~~9pt~~~~comment~Use at your own risk~1~start~gge4809~0~pinpart","T~L~700~-95~0~#880000~~9pt~undefined~undefined~~comment~NOTE:~1~start~gge4811~0~pinpart","T~L~700~-125~0~#880000~~9pt~undefined~undefined~~comment~PROJECT:~1~start~gge4813~0~pinpart","T~L~765~-125~0~#0000FF~~9pt~~~~comment~Nixie Calculator~1~start~gge4815~0~pinpart","R~695~-140~~~444~50~#880000~1~0~none~gge4817~0~","LIB~300~-495~package`MY_B5870`Manufacturer``Manufacturer Part``Supplier Part`undefined`Supplier``link``Contributor`axtario`spicePre`N`spiceSymbolName`MY_B5870`~~0~ggea627a0894d0d5b95~d73d55759e5d4024ab652c822d65dde4~ac7c8c61bd204a87b8549e9986ae2d04~0~~yes~yes~~~#@$T~N~301.53125~-568~0~#000080~Arial~~~~~comment~B5870~1~start~gge5001~0~#@$T~P~301.53125~-576.859375~0~#000080~Arial~~~~~comment~N1~1~start~gge5007~0~#@$PL~320 -555 320 -445~#8d2323~2~0~none~gge5013~0#@$PL~290 -555 290 -445~#8d2323~2~0~none~gge5016~0#@$P~show~0~1~335~-455~0~gge5019~0^^335~-455^^M 335 -455 h -20~#8d2323^^1~312~-452~0~1~end~~~#8d2323^^0~321~-456~0~1~start~~~#8d2323^^0~318~-455^^0~M 315 -458 L 312 -455 L 315 -452#@$P~show~0~2~335~-465~0~gge5040~0^^335~-465^^M 335 -465 h -20~#8d2323^^1~312~-462~0~2~end~~~#8d2323^^0~321~-466~0~2~start~~~#8d2323^^0~318~-465^^0~M 315 -468 L 312 -465 L 315 -462#@$P~show~0~3~335~-475~0~gge5061~0^^335~-475^^M 335 -475 h -20~#8d2323^^1~312~-472~0~3~end~~~#8d2323^^0~321~-476~0~3~start~~~#8d2323^^0~318~-475^^0~M 315 -478 L 312 -475 L 315 -472#@$P~show~0~4~335~-485~0~gge5082~0^^335~-485^^M 335 -485 h -20~#8d2323^^1~312~-482~0~4~end~~~#8d2323^^0~321~-486~0~4~start~~~#8d2323^^0~318~-485^^0~M 315 -488 L 312 -485 L 315 -482#@$P~show~0~5~335~-495~0~gge5103~0^^335~-495^^M 335 -495 h -20~#8d2323^^1~312~-492~0~5~end~~~#8d2323^^0~321~-496~0~5~start~~~#8d2323^^0~318~-495^^0~M 315 -498 L 312 -495 L 315 -492#@$P~show~0~6~335~-505~0~gge5124~0^^335~-505^^M 335 -505 h -20~#8d2323^^1~312~-502~0~6~end~~~#8d2323^^0~321~-506~0~6~start~~~#8d2323^^0~318~-505^^0~M 315 -508 L 312 -505 L 315 -502#@$P~show~0~7~335~-515~0~gge5145~0^^335~-515^^M 335 -515 h -20~#8d2323^^1~312~-512~0~7~end~~~#8d2323^^0~321~-516~0~7~start~~~#8d2323^^0~318~-515^^0~M 315 -518 L 312 -515 L 315 -512#@$P~show~0~8~335~-525~0~gge5166~0^^335~-525^^M 335 -525 h -20~#8d2323^^1~312~-522~0~8~end~~~#8d2323^^0~321~-526~0~8~start~~~#8d2323^^0~318~-525^^0~M 315 -528 L 312 -525 L 315 -522#@$P~show~0~9~335~-535~0~gge5187~0^^335~-535^^M 335 -535 h -20~#8d2323^^1~312~-532~0~9~end~~~#8d2323^^0~321~-536~0~9~start~~~#8d2323^^0~318~-535^^0~M 315 -538 L 312 -535 L 315 -532#@$P~show~0~0~335~-445~0~gge5208~0^^335~-445^^M 335 -445 h -20~#8d2323^^1~312~-442~0~0~end~~~#8d2323^^0~321~-446~0~0~start~~~#8d2323^^0~318~-445^^0~M 315 -448 L 312 -445 L 315 -442#@$P~show~0~A~280~-495~180~gge5229~0^^280~-495^^M 280 -495 h 20~#8d2323^^1~293~-497~0~A~start~~~#8d2323^^0~294~-496~0~A~end~~~#8d2323^^0~297~-495^^0~M 300 -492 L 303 -495 L 300 -498#@$P~show~0~LDP~335~-545~0~gge5250~0^^335~-545^^M 335 -545 h -20~#8d2323^^1~312~-542~0~LDP~end~~~#8d2323^^0~321~-546~0~LDP~start~~~#8d2323^^0~318~-545^^0~M 315 -548 L 312 -545 L 315 -542#@$PL~300 -455 300 -535~#000000~1~0~none~gge5271~0#@$P~show~0~RDP~335~-555~0~gge5274~0^^335~-555^^M 335 -555 h -20~#8d2323^^1~312~-552~0~RDP~end~~~#8d2323^^0~321~-556~0~RDP~start~~~#8d2323^^0~318~-555^^0~M 315 -558 L 312 -555 L 315 -552#@$A~M 290 -555 A 15 10 0 1 1 320 -555~~#8D2323~2~0~none~gge5295~0#@$A~M 320 -445 A 15 10 0 1 1 290 -445~~#8D2323~2~0~none~gge5298~0","F~part_netLabel_netPort~280~-495~0~gge5464~~0^^280~-495^^A~#0000FF~248.47~-491.51~0~start~1~Times New Roman~8pt~flag_gge79^^PL~280 -495 275 -490 260 -490 260 -500 275 -500 280 -495~#0000FF~1~0~transparent~gge5476~0","F~part_netLabel_netPort~335~-555~180~gge5516~~0^^335~-555^^KR~#0000FF~357.26~-551.35~0~~1~Times New Roman~8pt~flag_gge82^^PL~335 -555 340 -560 355 -560 355 -550 340 -550 335 -555~#0000FF~1~0~transparent~gge5528~0","F~part_netLabel_netPort~335~-445~180~gge5590~~0^^335~-445^^K0~#0000FF~371.4375~-441.5~0~end~1~Times New Roman~8pt~flag_gge85^^PL~335 -445 340 -450 355 -450 355 -440 340 -440 335 -445~#0000FF~1~0~transparent~gge5602~0","F~part_netLabel_netPort~335~-455~180~gge5611~~0^^335~-455^^K1~#0000FF~371.5234375~-451.5~0~end~1~Times New Roman~8pt~flag_gge88^^PL~335 -455 340 -460 355 -460 355 -450 340 -450 335 -455~#0000FF~1~0~transparent~gge5623~0","F~part_netLabel_netPort~335~-465~180~gge5632~~0^^335~-465^^K2~#0000FF~371.5234375~-461.5~0~end~1~Times New Roman~8pt~flag_gge91^^PL~335 -465 340 -470 355 -470 355 -460 340 -460 335 -465~#0000FF~1~0~transparent~gge5644~0","F~part_netLabel_netPort~335~-475~180~gge5653~~0^^335~-475^^K3~#0000FF~358.48~-471.5~0~start~1~Times New Roman~8pt~flag_gge94^^PL~335 -475 340 -480 355 -480 355 -470 340 -470 335 -475~#0000FF~1~0~transparent~gge5665~0","F~part_netLabel_netPort~335~-485~180~gge5674~~0^^335~-485^^K4~#0000FF~371.4296875~-481.5~0~end~1~Times New Roman~8pt~flag_gge97^^PL~335 -485 340 -490 355 -490 355 -480 340 -480 335 -485~#0000FF~1~0~transparent~gge5686~0","F~part_netLabel_netPort~335~-495~180~gge5695~~0^^335~-495^^K5~#0000FF~371.5234375~-491.5~0~end~1~Times New Roman~8pt~flag_gge100^^PL~335 -495 340 -500 355 -500 355 -490 340 -490 335 -495~#0000FF~1~0~transparent~gge5707~0","F~part_netLabel_netPort~335~-505~180~gge5716~~0^^335~-505^^K6~#0000FF~371.5234375~-501.5~0~end~1~Times New Roman~8pt~flag_gge103^^PL~335 -505 340 -510 355 -510 355 -500 340 -500 335 -505~#0000FF~1~0~transparent~gge5728~0","F~part_netLabel_netPort~335~-515~180~gge5737~~0^^335~-515^^K7~#0000FF~371.5234375~-511.5~0~end~1~Times New Roman~8pt~flag_gge106^^PL~335 -515 340 -520 355 -520 355 -510 340 -510 335 -515~#0000FF~1~0~transparent~gge5749~0","F~part_netLabel_netPort~335~-525~180~gge5758~~0^^335~-525^^K8~#0000FF~371.5234375~-521.5~0~end~1~Times New Roman~8pt~flag_gge109^^PL~335 -525 340 -530 355 -530 355 -520 340 -520 335 -525~#0000FF~1~0~transparent~gge5770~0","F~part_netLabel_netPort~335~-535~180~gge5779~~0^^335~-535^^K9~#0000FF~371.5234375~-531.5~0~end~1~Times New Roman~8pt~flag_gge112^^PL~335 -535 340 -540 355 -540 355 -530 340 -530 335 -535~#0000FF~1~0~transparent~gge5791~0","F~part_netLabel_netPort~510~-480~0~gge5798~~0^^510~-480^^K4~#0000FF~476.56~-476.35~0~start~1~Times New Roman~8pt~flag_gge115^^PL~510 -480 505 -475 490 -475 490 -485 505 -485 510 -480~#0000FF~1~0~transparent~gge5810~0","F~part_netLabel_netPort~510~-490~0~gge5813~~0^^510~-490^^K5~#0000FF~476.93~-486.34~0~start~1~Times New Roman~8pt~flag_gge118^^PL~510 -490 505 -485 490 -485 490 -495 505 -495 510 -490~#0000FF~1~0~transparent~gge5825~0","F~part_netLabel_netPort~705~-500~0~gge5828~~0^^705~-500^^K6~#0000FF~671.56~-496.35~0~start~1~Times New Roman~8pt~flag_gge121^^PL~705 -500 700 -495 685 -495 685 -505 700 -505 705 -500~#0000FF~1~0~transparent~gge5840~0","F~part_netLabel_netPort~705~-490~0~gge5843~~0^^705~-490^^K2~#0000FF~671.56~-486.35~0~start~1~Times New Roman~8pt~flag_gge124^^PL~705 -490 700 -485 685 -485 685 -495 700 -495 705 -490~#0000FF~1~0~transparent~gge5855~0","F~part_netLabel_netPort~705~-480~0~gge5858~~0^^705~-480^^KR~#0000FF~667.89~-476.5~0~start~1~Times New Roman~8pt~flag_gge127^^PL~705 -480 700 -475 685 -475 685 -485 700 -485 705 -480~#0000FF~1~0~transparent~gge5870~0","F~part_netLabel_netPort~705~-510~0~gge5873~~0^^705~-510^^K0~#0000FF~670.61~-505.02~0~start~1~Times New Roman~8pt~flag_gge130^^PL~705 -510 700 -505 685 -505 685 -515 700 -515 705 -510~#0000FF~1~0~transparent~gge5885~0","F~part_netLabel_netPort~705~-520~0~gge5888~~0^^705~-520^^K9~#0000FF~670.61~-515.02~0~start~1~Times New Roman~8pt~flag_gge133^^PL~705 -520 700 -515 685 -515 685 -525 700 -525 705 -520~#0000FF~1~0~transparent~gge5900~0","F~part_netLabel_netPort~510~-510~0~gge5903~~0^^510~-510^^K1~#0000FF~476.24~-506.5~0~start~1~Times New Roman~8pt~flag_gge136^^PL~510 -510 505 -505 490 -505 490 -515 505 -515 510 -510~#0000FF~1~0~transparent~gge5915~0","F~part_netLabel_netPort~510~-500~0~gge5918~~0^^510~-500^^A~#0000FF~481.24~-496.5~0~start~1~Times New Roman~8pt~flag_gge139^^PL~510 -500 505 -495 490 -495 490 -505 505 -505 510 -500~#0000FF~1~0~transparent~gge5930~0","F~part_netLabel_netPort~705~-530~0~gge5933~~0^^705~-530^^K8~#0000FF~671.94~-526.35~0~start~1~Times New Roman~8pt~flag_gge142^^PL~705 -530 700 -525 685 -525 685 -535 700 -535 705 -530~#0000FF~1~0~transparent~gge5945~0","F~part_netLabel_netPort~510~-520~0~gge5948~~0^^510~-520^^K7~#0000FF~476.56~-516.35~0~start~1~Times New Roman~8pt~flag_gge145^^PL~510 -520 505 -515 490 -515 490 -525 505 -525 510 -520~#0000FF~1~0~transparent~gge5960~0","F~part_netLabel_netPort~510~-530~0~gge5963~~0^^510~-530^^K3~#0000FF~488~-526.57~0~end~1~Times New Roman~8pt~flag_gge148^^PL~510 -530 505 -525 490 -525 490 -535 505 -535 510 -530~#0000FF~1~0~transparent~gge5975~0","LIB~725~-500~package`HDR-M-2.54_1X6`Supplier Part`C190819`Supplier`LCSC`Manufacturer``Manufacturer Part``Contributor`LCEDA_Lib`spicePre`J`spiceSymbolName`HDR-M-2.54_1x6`~~0~gged6d2e019e352399c~df3ca37cb13d499cb713e9aa6fdd0c7b~93b44d62463c4c9c82dd7108c8ee7d73~0~~yes~yes~~1586865170~#@$T~N~714.07~-543~0~#000080~Arial~~~~~comment~HDR-M-2.54_1x6~1~start~gge5984~0~#@$T~P~714.07~-552.14~0~#000080~Arial~~~~~comment~J2~1~start~gge5990~0~#@$R~715~-540~2~2~20~70~#880000~1~0~none~gge5996~0~#@$P~show~1~1~705~-530~180~gge5999~0^^705~-530^^M 705 -530 h 10~#000000^^1~720~-527~0~1~start~~~#000000^^0~715~-531~0~1~end~~~#000000^^0~712~-530^^0~M 715 -527 L 718 -530 L 715 -533#@$P~show~1~2~705~-520~180~gge6020~0^^705~-520^^M 705 -520 h 10~#000000^^1~720~-517~0~2~start~~~#000000^^0~715~-521~0~2~end~~~#000000^^0~712~-520^^0~M 715 -517 L 718 -520 L 715 -523#@$P~show~1~3~705~-510~180~gge6041~0^^705~-510^^M 705 -510 h 10~#000000^^1~720~-507~0~3~start~~~#000000^^0~715~-511~0~3~end~~~#000000^^0~712~-510^^0~M 715 -507 L 718 -510 L 715 -513#@$P~show~1~4~705~-500~180~gge6062~0^^705~-500^^M 705 -500 h 10~#000000^^1~720~-497~0~4~start~~~#000000^^0~715~-501~0~4~end~~~#000000^^0~712~-500^^0~M 715 -497 L 718 -500 L 715 -503#@$P~show~1~5~705~-490~180~gge6083~0^^705~-490^^M 705 -490 h 10~#000000^^1~720~-487~0~5~start~~~#000000^^0~715~-491~0~5~end~~~#000000^^0~712~-490^^0~M 715 -487 L 718 -490 L 715 -493#@$P~show~1~6~705~-480~180~gge6104~0^^705~-480^^M 705 -480 h 10~#000000^^1~720~-477~0~6~start~~~#000000^^0~715~-481~0~6~end~~~#000000^^0~712~-480^^0~M 715 -477 L 718 -480 L 715 -483","LIB~530~-500~package`HDR-M-2.54_1X6`Supplier Part`C190819`Supplier`LCSC`Manufacturer``Manufacturer Part``Contributor`LCEDA_Lib`spicePre`J`spiceSymbolName`HDR-M-2.54_1x6`~~0~ggec8fc428ae0891b1f~df3ca37cb13d499cb713e9aa6fdd0c7b~93b44d62463c4c9c82dd7108c8ee7d73~0~~yes~yes~~1586865170~#@$T~N~519.07~-543~0~#000080~Arial~~~~~comment~HDR-M-2.54_1x6~1~start~gge6131~0~#@$T~P~519.07~-552.14~0~#000080~Arial~~~~~comment~J1~1~start~gge6137~0~#@$R~520~-540~2~2~20~70~#880000~1~0~none~gge6143~0~#@$P~show~1~1~510~-530~180~gge6146~0^^510~-530^^M 510 -530 h 10~#000000^^1~525~-527~0~1~start~~~#000000^^0~520~-531~0~1~end~~~#000000^^0~517~-530^^0~M 520 -527 L 523 -530 L 520 -533#@$P~show~1~2~510~-520~180~gge6167~0^^510~-520^^M 510 -520 h 10~#000000^^1~525~-517~0~2~start~~~#000000^^0~520~-521~0~2~end~~~#000000^^0~517~-520^^0~M 520 -517 L 523 -520 L 520 -523#@$P~show~1~3~510~-510~180~gge6188~0^^510~-510^^M 510 -510 h 10~#000000^^1~525~-507~0~3~start~~~#000000^^0~520~-511~0~3~end~~~#000000^^0~517~-510^^0~M 520 -507 L 523 -510 L 520 -513#@$P~show~1~4~510~-500~180~gge6209~0^^510~-500^^M 510 -500 h 10~#000000^^1~525~-497~0~4~start~~~#000000^^0~520~-501~0~4~end~~~#000000^^0~517~-500^^0~M 520 -497 L 523 -500 L 520 -503#@$P~show~1~5~510~-490~180~gge6230~0^^510~-490^^M 510 -490 h 10~#000000^^1~525~-487~0~5~start~~~#000000^^0~520~-491~0~5~end~~~#000000^^0~517~-490^^0~M 520 -487 L 523 -490 L 520 -493#@$P~show~1~6~510~-480~180~gge6251~0^^510~-480^^M 510 -480 h 10~#000000^^1~525~-477~0~6~start~~~#000000^^0~520~-481~0~6~end~~~#000000^^0~517~-480^^0~M 520 -477 L 523 -480 L 520 -483","O~335~-545~gge6275~M 331 -549 L 339 -541 M 339 -549 L 331 -541~#33cc33~0","T~L~1090~-15~0~#0000FF~~9pt~~~~comment~HighVoltGlow~1~end~gge13685~0~frame_title"],"BBox":{"x":0,"y":-806.7,"width":1149,"height":807.5},"colors":[]}}],"docType":5,"title":"Nixie_Calculator_B-5870_Socket","name":"Nixie_Calculator_B-5870_Socket"}