{"schematics":[{"docType":1,"title":"Driver","dataStr":{"head":{"docType":"1","editorVersion":"6.5.50","newgId":true,"c_para":{"Prefix Start":"1"},"c_spiceCmd":"null","hasIdFlag":true,"uuid":"8fb823eef66c4d368331dfbd6899ea92","x":"0","y":"0","portOfADImportHack":"","importFlag":0,"transformList":""},"canvas":"CA~1000~1000~#FFFFFF~yes~#CCCCCC~5~1000~1000~line~5~pixel~1~0~0","shape":["LIB~0~-806~package`NONE`Manufacturer Part`?`spicePre`.`~~0~frame_lib_1~~~0~~yes~yes~~~#@$T~N~570.5~-809~0~#000080~Arial~~~~~comment~A~0~start~gge223~0~#@$PT~M 206 -796 L 206 -806 M 206 -10 L 206 0 M 402 -796 L 402 -806 M 402 -10 L 402 0 M 598 -796 L 598 -806 M 598 -10 L 598 0 M 794 -796 L 794 -806 M 794 -10 L 794 0 M 990 -796 L 990 -806 M 990 -10 L 990 0 M 10 -600 L 0 -600 M 1139 -600 L 1149 -600 M 10 -404 L 0 -404 M 1139 -404 L 1149 -404 M 10 -208 L 0 -208 M 1139 -208 L 1149 -208 M 10 -12 L 0 -12 M 1139 -12 L 1149 -12~#880000~1~0~none~gge10~0~frame_tick#@$T~P~571.3~-817.6~0~#000080~Arial~~~~~comment~A~0~start~gge220~0~#@$T~L~1.5~-698~0~#880000~~~~~~comment~A~1~start~gge13~0~frame_tick#@$T~L~1140.5~-698~0~#880000~~~~~~comment~A~1~start~gge19~0~frame_tick#@$T~L~1.5~-502~0~#880000~~~~~~comment~B~1~start~gge25~0~frame_tick#@$T~L~1140.5~-502~0~#880000~~~~~~comment~B~1~start~gge31~0~frame_tick#@$T~L~1.5~-306~0~#880000~~~~~~comment~C~1~start~gge37~0~frame_tick#@$T~L~1140.5~-306~0~#880000~~~~~~comment~C~1~start~gge43~0~frame_tick#@$T~L~1.5~-110~0~#880000~~~~~~comment~D~1~start~gge49~0~frame_tick#@$T~L~1140.5~-110~0~#880000~~~~~~comment~D~1~start~gge55~0~frame_tick#@$T~L~108~-797.5~0~#880000~~~~~~comment~1~1~start~gge61~0~frame_tick#@$T~L~108~-1.5~0~#880000~~~~~~comment~1~1~start~gge67~0~frame_tick#@$T~L~304~-797.5~0~#880000~~~~~~comment~2~1~start~gge73~0~frame_tick#@$T~L~304~-1.5~0~#880000~~~~~~comment~2~1~start~gge79~0~frame_tick#@$T~L~500~-797.5~0~#880000~~~~~~comment~3~1~start~gge85~0~frame_tick#@$T~L~500~-1.5~0~#880000~~~~~~comment~3~1~start~gge91~0~frame_tick#@$T~L~696~-797.5~0~#880000~~~~~~comment~4~1~start~gge97~0~frame_tick#@$T~L~696~-1.5~0~#880000~~~~~~comment~4~1~start~gge103~0~frame_tick#@$T~L~892~-797.5~0~#880000~~~~~~comment~5~1~start~gge109~0~frame_tick#@$T~L~892~-1.5~0~#880000~~~~~~comment~5~1~start~gge115~0~frame_tick#@$R~10~-796~~~1129~786~#880000~1~0~none~gge121~0~frame_innerbox#@$R~0~-806~~~1149~806~#880000~1~0~none~gge124~0~frame_outbox#@$R~694.99995~-90~~~444~80~#880000~1~0~none~gge127~0~frame_hitarea#@$PL~695.1 -50.75 1138.63 -50.75~#880000~1~0~none~gge130~0#@$PL~799.63 -30.75 1138.63 -30.75~#880000~1~0~none~gge133~0#@$PL~1059.61 -89.93 1059.63 -50.75~#880000~1~0~none~gge136~0#@$PL~1059.63 -50.75 1059.63 -30.75~#880000~1~0~none~gge139~0#@$T~L~699.99995~-77~0~#880000~~8pt~~~~comment~TITLE:~1~start~gge142~0~pinpart#@$T~L~765~-75~0~#0000FF~~10pt~~~~comment~Driver~1~start~gge148~0~frame_title#@$T~L~1064.62495~-63.75~0~#880000~~8pt~~~~comment~REV:~1~start~gge154~0~pinpart#@$T~L~1102.62495~-63.75~0~#0000FF~~9pt~~~~comment~1.0~1~start~gge160~0~frame_version#@$T~L~804.62495~-15~0~#880000~~8pt~~~~comment~Date:~1~start~gge166~0~pinpart#@$T~L~851.62495~-14.52~0~#0000FF~~9pt~~~~comment~2025-06-18~1~start~gge172~0~frame_date#@$T~L~1063.62495~-35~0~#880000~~8pt~~~~comment~Sheet:~1~start~gge178~0~pinpart#@$T~L~1108.62495~-34.52~0~#0000FF~~9pt~~~~comment~1\/1~1~start~gge184~0~frame_sheet#@$T~L~943.62495~-14.75~0~#880000~~8pt~~~~comment~Drawn By:~1~start~gge190~0~pinpart#@$T~L~1008.63~-14.75~0~#0000FF~~9pt~~~~comment~HighVoltGlow~1~start~gge196~0~frame_drawn#@$T~L~804.62495~-36.75~0~#880000~~8pt~~~~comment~Company:~1~start~gge202~0~pinpart#@$PL~799.63 -50.75 799.63 -10.75~#880000~1~0~none~gge214~0","O~425~-190~gge232~M 429 -194 L 421 -186 M 429 -186 L 421 -194~#33cc33~0","O~505~-190~gge238~M 509 -194 L 501 -186 M 509 -186 L 501 -194~#33cc33~0","F~part_netLabel_netPort~425~-200~0~gge244~~0^^425~-200^^1_7~#0000FF~386.87~-196.4~0~start~1~Times New Roman~8pt~flag_gge7663^^PL~425 -200 420 -195 405 -195 405 -205 420 -205 425 -200~#0000FF~1~0~transparent~gge256~0","F~part_netLabel_netPort~425~-210~0~gge259~~0^^425~-210^^1_6~#0000FF~386.87~-206.4~0~start~1~Times New Roman~8pt~flag_gge7666^^PL~425 -210 420 -205 405 -205 405 -215 420 -215 425 -210~#0000FF~1~0~transparent~gge271~0","F~part_netLabel_netPort~425~-220~0~gge274~~0^^425~-220^^1_5~#0000FF~387~-216.4~0~start~1~Times New Roman~8pt~flag_gge7669^^PL~425 -220 420 -215 405 -215 405 -225 420 -225 425 -220~#0000FF~1~0~transparent~gge286~0","F~part_netLabel_netPort~425~-230~0~gge289~~0^^425~-230^^1_4~#0000FF~386.87~-226.4~0~start~1~Times New Roman~8pt~flag_gge7672^^PL~425 -230 420 -225 405 -225 405 -235 420 -235 425 -230~#0000FF~1~0~transparent~gge301~0","F~part_netLabel_netPort~425~-240~0~gge304~~0^^425~-240^^1_3~#0000FF~387~-236.4~0~start~1~Times New Roman~8pt~flag_gge7675^^PL~425 -240 420 -235 405 -235 405 -245 420 -245 425 -240~#0000FF~1~0~transparent~gge316~0","F~part_netLabel_netPort~425~-250~0~gge319~~0^^425~-250^^1_2~#0000FF~386.87~-246.4~0~start~1~Times New Roman~8pt~flag_gge7678^^PL~425 -250 420 -245 405 -245 405 -255 420 -255 425 -250~#0000FF~1~0~transparent~gge331~0","F~part_netLabel_netPort~425~-260~0~gge334~~0^^425~-260^^1_1~#0000FF~387~-256.4~0~start~1~Times New Roman~8pt~flag_gge7681^^PL~425 -260 420 -255 405 -255 405 -265 420 -265 425 -260~#0000FF~1~0~transparent~gge346~0","F~part_netLabel_netPort~425~-270~0~gge349~~0^^425~-270^^1_0~#0000FF~386.87~-266.4~0~start~1~Times New Roman~8pt~flag_gge7684^^PL~425 -270 420 -265 405 -265 405 -275 420 -275 425 -270~#0000FF~1~0~transparent~gge361~0","F~part_netLabel_netPort~425~-280~0~gge364~~0^^425~-280^^0_7~#0000FF~386.87~-276.4~0~start~1~Times New Roman~8pt~flag_gge7687^^PL~425 -280 420 -275 405 -275 405 -285 420 -285 425 -280~#0000FF~1~0~transparent~gge376~0","F~part_netLabel_netPort~425~-290~0~gge379~~0^^425~-290^^0_6~#0000FF~386.87~-286.4~0~start~1~Times New Roman~8pt~flag_gge7690^^PL~425 -290 420 -285 405 -285 405 -295 420 -295 425 -290~#0000FF~1~0~transparent~gge391~0","F~part_netLabel_netPort~425~-300~0~gge394~~0^^425~-300^^0_5~#0000FF~387~-296.4~0~start~1~Times New Roman~8pt~flag_gge7693^^PL~425 -300 420 -295 405 -295 405 -305 420 -305 425 -300~#0000FF~1~0~transparent~gge406~0","F~part_netLabel_netPort~425~-310~0~gge409~~0^^425~-310^^0_4~#0000FF~386.87~-306.4~0~start~1~Times New Roman~8pt~flag_gge7696^^PL~425 -310 420 -305 405 -305 405 -315 420 -315 425 -310~#0000FF~1~0~transparent~gge421~0","F~part_netLabel_netPort~425~-320~0~gge424~~0^^425~-320^^0_3~#0000FF~387~-316.4~0~start~1~Times New Roman~8pt~flag_gge7699^^PL~425 -320 420 -315 405 -315 405 -325 420 -325 425 -320~#0000FF~1~0~transparent~gge436~0","F~part_netLabel_netPort~425~-330~0~gge439~~0^^425~-330^^0_2~#0000FF~386.87~-326.4~0~start~1~Times New Roman~8pt~flag_gge7702^^PL~425 -330 420 -325 405 -325 405 -335 420 -335 425 -330~#0000FF~1~0~transparent~gge451~0","F~part_netLabel_netPort~425~-340~0~gge454~~0^^425~-340^^0_1~#0000FF~387~-336.4~0~start~1~Times New Roman~8pt~flag_gge7705^^PL~425 -340 420 -335 405 -335 405 -345 420 -345 425 -340~#0000FF~1~0~transparent~gge466~0","F~part_netLabel_netPort~425~-350~0~gge469~~0^^425~-350^^0_0~#0000FF~386.87~-346.4~0~start~1~Times New Roman~8pt~flag_gge7708^^PL~425 -350 420 -345 405 -345 405 -355 420 -355 425 -350~#0000FF~1~0~transparent~gge481~0","F~part_netLabel_netPort~505~-270~180~gge484~~0^^505~-270^^1_a~#0000FF~527.97~-265.97~0~start~1~Times New Roman~8pt~flag_gge7711^^PL~505 -270 510 -275 525 -275 525 -265 510 -265 505 -270~#0000FF~1~0~transparent~gge496~0","F~part_netLabel_netPort~505~-260~180~gge499~~0^^505~-260^^1_b~#0000FF~527.97~-255.97~0~start~1~Times New Roman~8pt~flag_gge7714^^PL~505 -260 510 -265 525 -265 525 -255 510 -255 505 -260~#0000FF~1~0~transparent~gge511~0","F~part_netLabel_netPort~505~-250~180~gge514~~0^^505~-250^^1_c~#0000FF~526.67~-246.5~0~start~1~Times New Roman~8pt~flag_gge7717^^PL~505 -250 510 -255 525 -255 525 -245 510 -245 505 -250~#0000FF~1~0~transparent~gge526~0","F~part_netLabel_netPort~505~-240~180~gge529~~0^^505~-240^^1_d~#0000FF~527.97~-235.97~0~start~1~Times New Roman~8pt~flag_gge7720^^PL~505 -240 510 -245 525 -245 525 -235 510 -235 505 -240~#0000FF~1~0~transparent~gge541~0","F~part_netLabel_netPort~505~-230~180~gge544~~0^^505~-230^^1_e~#0000FF~527.97~-225.97~0~start~1~Times New Roman~8pt~flag_gge7723^^PL~505 -230 510 -235 525 -235 525 -225 510 -225 505 -230~#0000FF~1~0~transparent~gge556~0","F~part_netLabel_netPort~505~-220~180~gge559~~0^^505~-220^^1_f~#0000FF~527.97~-215.97~0~start~1~Times New Roman~8pt~flag_gge7726^^PL~505 -220 510 -225 525 -225 525 -215 510 -215 505 -220~#0000FF~1~0~transparent~gge571~0","F~part_netLabel_netPort~505~-210~180~gge574~~0^^505~-210^^1_g~#0000FF~527.97~-205.97~0~start~1~Times New Roman~8pt~flag_gge7729^^PL~505 -210 510 -215 525 -215 525 -205 510 -205 505 -210~#0000FF~1~0~transparent~gge586~0","F~part_netLabel_netPort~505~-200~180~gge589~~0^^505~-200^^1_dp~#0000FF~527.97~-195.97~0~start~1~Times New Roman~8pt~flag_gge7732^^PL~505 -200 510 -205 525 -205 525 -195 510 -195 505 -200~#0000FF~1~0~transparent~gge601~0","F~part_netLabel_netPort~505~-280~180~gge604~~0^^505~-280^^0_dp~#0000FF~527.97~-275.97~0~start~1~Times New Roman~8pt~flag_gge7735^^PL~505 -280 510 -285 525 -285 525 -275 510 -275 505 -280~#0000FF~1~0~transparent~gge616~0","F~part_netLabel_netPort~505~-290~180~gge619~~0^^505~-290^^0_g~#0000FF~527.97~-285.97~0~start~1~Times New Roman~8pt~flag_gge7738^^PL~505 -290 510 -295 525 -295 525 -285 510 -285 505 -290~#0000FF~1~0~transparent~gge631~0","F~part_netLabel_netPort~505~-300~180~gge634~~0^^505~-300^^0_f~#0000FF~527.97~-295.97~0~start~1~Times New Roman~8pt~flag_gge7741^^PL~505 -300 510 -305 525 -305 525 -295 510 -295 505 -300~#0000FF~1~0~transparent~gge646~0","F~part_netLabel_netPort~505~-310~180~gge649~~0^^505~-310^^0_e~#0000FF~527.97~-305.97~0~start~1~Times New Roman~8pt~flag_gge7744^^PL~505 -310 510 -315 525 -315 525 -305 510 -305 505 -310~#0000FF~1~0~transparent~gge661~0","F~part_netLabel_netPort~505~-320~180~gge664~~0^^505~-320^^0_d~#0000FF~527.97~-315.97~0~start~1~Times New Roman~8pt~flag_gge7747^^PL~505 -320 510 -325 525 -325 525 -315 510 -315 505 -320~#0000FF~1~0~transparent~gge676~0","F~part_netLabel_netPort~505~-330~180~gge679~~0^^505~-330^^0_c~#0000FF~527.97~-325.97~0~start~1~Times New Roman~8pt~flag_gge7750^^PL~505 -330 510 -335 525 -335 525 -325 510 -325 505 -330~#0000FF~1~0~transparent~gge691~0","F~part_netLabel_netPort~505~-340~180~gge694~~0^^505~-340^^0_b~#0000FF~527.97~-335.97~0~start~1~Times New Roman~8pt~flag_gge7753^^PL~505 -340 510 -345 525 -345 525 -335 510 -335 505 -340~#0000FF~1~0~transparent~gge706~0","F~part_netLabel_netPort~505~-350~180~gge709~~0^^505~-350^^0_a~#0000FF~527.97~-345.97~0~start~1~Times New Roman~8pt~flag_gge7756^^PL~505 -350 510 -355 525 -355 525 -345 510 -345 505 -350~#0000FF~1~0~transparent~gge721~0","LIB~485~-280~package`MY_HDR-17X2\/2.54`Manufacturer Part`New SchematicLib`Contributor`axtario`spicePre`P`~~0~gge16cbebb8866e1842~d766b470b3b245ee918fdaf756874986~57899c0cd1774d3781d48e9d29827c7f~0~~yes~yes~~~#@$T~N~459.29~-359~0~#000080~Arial~~~~~comment~MY_HEADER_2x17~0~start~gge10293~0~#@$T~P~459.29~-361.75~0~#000080~Arial~~~~~comment~P1~1~start~gge736~0~#@$R~445~-356~~~40~172~#000000~1~0~none~gge742~0~#@$P~show~0~1~425~-350~180~gge745~0^^425~-350^^M 425 -350 h 20~#880000^^1~457~-345~0~1~start~~~#0000FF^^0~440~-351~0~1~end~~~#0000FF^^0~442~-350^^0~M 445 -347 L 448 -350 L 445 -353#@$P~show~0~2~505~-350~0~gge766~0^^505~-350^^M 505 -350 h -20~#880000^^1~473~-345~0~2~end~~~#0000FF^^0~490~-351~0~2~start~~~#0000FF^^0~488~-350^^0~M 485 -353 L 482 -350 L 485 -347#@$P~show~0~3~425~-340~180~gge787~0^^425~-340^^M 425 -340 h 20~#880000^^1~457~-335~0~3~start~~~#0000FF^^0~440~-341~0~3~end~~~#0000FF^^0~442~-340^^0~M 445 -337 L 448 -340 L 445 -343#@$P~show~0~4~505~-340~0~gge808~0^^505~-340^^M 505 -340 h -20~#880000^^1~473~-335~0~4~end~~~#0000FF^^0~490~-341~0~4~start~~~#0000FF^^0~488~-340^^0~M 485 -343 L 482 -340 L 485 -337#@$P~show~0~5~425~-330~180~gge829~0^^425~-330^^M 425 -330 h 20~#880000^^1~457~-325~0~5~start~~~#0000FF^^0~440~-331~0~5~end~~~#0000FF^^0~442~-330^^0~M 445 -327 L 448 -330 L 445 -333#@$P~show~0~6~505~-330~0~gge850~0^^505~-330^^M 505 -330 h -20~#880000^^1~473~-325~0~6~end~~~#0000FF^^0~490~-331~0~6~start~~~#0000FF^^0~488~-330^^0~M 485 -333 L 482 -330 L 485 -327#@$P~show~0~7~425~-320~180~gge871~0^^425~-320^^M 425 -320 h 20~#880000^^1~457~-315~0~7~start~~~#0000FF^^0~440~-321~0~7~end~~~#0000FF^^0~442~-320^^0~M 445 -317 L 448 -320 L 445 -323#@$P~show~0~8~505~-320~0~gge892~0^^505~-320^^M 505 -320 h -20~#880000^^1~473~-315~0~8~end~~~#0000FF^^0~490~-321~0~8~start~~~#0000FF^^0~488~-320^^0~M 485 -323 L 482 -320 L 485 -317#@$P~show~0~9~425~-310~180~gge913~0^^425~-310^^M 425 -310 h 20~#880000^^1~457~-305~0~9~start~~~#0000FF^^0~440~-311~0~9~end~~~#0000FF^^0~442~-310^^0~M 445 -307 L 448 -310 L 445 -313#@$P~show~0~10~505~-310~0~gge934~0^^505~-310^^M 505 -310 h -20~#880000^^1~479~-305~0~10~end~~~#0000FF^^0~490~-311~0~10~start~~~#0000FF^^0~488~-310^^0~M 485 -313 L 482 -310 L 485 -307#@$P~show~0~11~425~-300~180~gge955~0^^425~-300^^M 425 -300 h 20~#880000^^1~451~-295~0~11~start~~~#0000FF^^0~440~-301~0~11~end~~~#0000FF^^0~442~-300^^0~M 445 -297 L 448 -300 L 445 -303#@$P~show~0~12~505~-300~0~gge976~0^^505~-300^^M 505 -300 h -20~#880000^^1~479~-295~0~12~end~~~#0000FF^^0~490~-301~0~12~start~~~#0000FF^^0~488~-300^^0~M 485 -303 L 482 -300 L 485 -297#@$P~show~0~13~425~-290~180~gge997~0^^425~-290^^M 425 -290 h 20~#880000^^1~451~-285~0~13~start~~~#0000FF^^0~440~-291~0~13~end~~~#0000FF^^0~442~-290^^0~M 445 -287 L 448 -290 L 445 -293#@$P~show~0~14~505~-290~0~gge1018~0^^505~-290^^M 505 -290 h -20~#880000^^1~479~-285~0~14~end~~~#0000FF^^0~490~-291~0~14~start~~~#0000FF^^0~488~-290^^0~M 485 -293 L 482 -290 L 485 -287#@$P~show~0~15~425~-280~180~gge1039~0^^425~-280^^M 425 -280 h 20~#880000^^1~451~-275~0~15~start~~~#0000FF^^0~440~-281~0~15~end~~~#0000FF^^0~442~-280^^0~M 445 -277 L 448 -280 L 445 -283#@$P~show~0~16~505~-280~0~gge1060~0^^505~-280^^M 505 -280 h -20~#880000^^1~479~-275~0~16~end~~~#0000FF^^0~490~-281~0~16~start~~~#0000FF^^0~488~-280^^0~M 485 -283 L 482 -280 L 485 -277#@$P~show~0~17~425~-270~180~gge1081~0^^425~-270^^M 425 -270 h 20~#880000^^1~451~-265~0~17~start~~~#0000FF^^0~440~-271~0~17~end~~~#0000FF^^0~442~-270^^0~M 445 -267 L 448 -270 L 445 -273#@$P~show~0~18~505~-270~0~gge1102~0^^505~-270^^M 505 -270 h -20~#880000^^1~479~-265~0~18~end~~~#0000FF^^0~490~-271~0~18~start~~~#0000FF^^0~488~-270^^0~M 485 -273 L 482 -270 L 485 -267#@$P~show~0~19~425~-260~180~gge1123~0^^425~-260^^M 425 -260 h 20~#880000^^1~451~-255~0~19~start~~~#0000FF^^0~440~-261~0~19~end~~~#0000FF^^0~442~-260^^0~M 445 -257 L 448 -260 L 445 -263#@$P~show~0~20~505~-260~0~gge1144~0^^505~-260^^M 505 -260 h -20~#880000^^1~479~-255~0~20~end~~~#0000FF^^0~490~-261~0~20~start~~~#0000FF^^0~488~-260^^0~M 485 -263 L 482 -260 L 485 -257#@$P~show~0~21~425~-250~180~gge1165~0^^425~-250^^M 425 -250 h 20~#880000^^1~451~-245~0~21~start~~~#0000FF^^0~440~-251~0~21~end~~~#0000FF^^0~442~-250^^0~M 445 -247 L 448 -250 L 445 -253#@$P~show~0~22~505~-250~0~gge1186~0^^505~-250^^M 505 -250 h -20~#880000^^1~479~-245~0~22~end~~~#0000FF^^0~490~-251~0~22~start~~~#0000FF^^0~488~-250^^0~M 485 -253 L 482 -250 L 485 -247#@$P~show~0~23~425~-240~180~gge1207~0^^425~-240^^M 425 -240 h 20~#880000^^1~451~-235~0~23~start~~~#0000FF^^0~440~-241~0~23~end~~~#0000FF^^0~442~-240^^0~M 445 -237 L 448 -240 L 445 -243#@$P~show~0~24~505~-240~0~gge1228~0^^505~-240^^M 505 -240 h -20~#880000^^1~479~-235~0~24~end~~~#0000FF^^0~490~-241~0~24~start~~~#0000FF^^0~488~-240^^0~M 485 -243 L 482 -240 L 485 -237#@$P~show~0~25~425~-230~180~gge1249~0^^425~-230^^M 425 -230 h 20~#880000^^1~451~-225~0~25~start~~~#0000FF^^0~440~-231~0~25~end~~~#0000FF^^0~442~-230^^0~M 445 -227 L 448 -230 L 445 -233#@$P~show~0~26~505~-230~0~gge1270~0^^505~-230^^M 505 -230 h -20~#880000^^1~479~-225~0~26~end~~~#0000FF^^0~490~-231~0~26~start~~~#0000FF^^0~488~-230^^0~M 485 -233 L 482 -230 L 485 -227#@$P~show~0~27~425~-220~180~gge1291~0^^425~-220^^M 425 -220 h 20~#880000^^1~451~-215~0~27~start~~~#0000FF^^0~440~-221~0~27~end~~~#0000FF^^0~442~-220^^0~M 445 -217 L 448 -220 L 445 -223#@$P~show~0~28~505~-220~0~gge1312~0^^505~-220^^M 505 -220 h -20~#880000^^1~479~-215~0~28~end~~~#0000FF^^0~490~-221~0~28~start~~~#0000FF^^0~488~-220^^0~M 485 -223 L 482 -220 L 485 -217#@$P~show~0~29~425~-210~180~gge1333~0^^425~-210^^M 425 -210 h 20~#880000^^1~451~-205~0~29~start~~~#0000FF^^0~440~-211~0~29~end~~~#0000FF^^0~442~-210^^0~M 445 -207 L 448 -210 L 445 -213#@$P~show~0~30~505~-210~0~gge1354~0^^505~-210^^M 505 -210 h -20~#880000^^1~479~-205~0~30~end~~~#0000FF^^0~490~-211~0~30~start~~~#0000FF^^0~488~-210^^0~M 485 -213 L 482 -210 L 485 -207#@$P~show~0~31~425~-200~180~gge1375~0^^425~-200^^M 425 -200 h 20~#880000^^1~451~-195~0~31~start~~~#0000FF^^0~440~-201~0~31~end~~~#0000FF^^0~442~-200^^0~M 445 -197 L 448 -200 L 445 -203#@$P~show~0~32~505~-200~0~gge1396~0^^505~-200^^M 505 -200 h -20~#880000^^1~479~-195~0~32~end~~~#0000FF^^0~490~-201~0~32~start~~~#0000FF^^0~488~-200^^0~M 485 -203 L 482 -200 L 485 -197#@$P~show~0~33~425~-190~180~gge1417~0^^425~-190^^M 425 -190 h 20~#880000^^1~451~-185~0~33~start~~~#0000FF^^0~440~-191~0~33~end~~~#0000FF^^0~442~-190^^0~M 445 -187 L 448 -190 L 445 -193#@$P~show~0~34~505~-190~0~gge1438~0^^505~-190^^M 505 -190 h -20~#880000^^1~479~-185~0~34~end~~~#0000FF^^0~490~-191~0~34~start~~~#0000FF^^0~488~-190^^0~M 485 -193 L 482 -190 L 485 -187","W~235 -690 480 -690~#008800~1~0~none~gge6184~0","F~part_netLabel_+5V~295~-640~0~gge6187~~0^^295~-640^^+5V~#000000~285~-652~0~start~1~Times New Roman~9pt~flag_gge7759^^PL~295 -650 295 -640~#000000~1~0~transparent~gge6199~0^^PL~290 -650 300 -650~#000000~1~0~transparent~gge6202~0","F~part_netLabel_+5V~670~-640~0~gge6205~~0^^670~-640^^+5V~#000000~660~-652~0~start~1~Times New Roman~9pt~flag_gge7762^^PL~670 -650 670 -640~#000000~1~0~transparent~gge6217~0^^PL~665 -650 675 -650~#000000~1~0~transparent~gge6220~0","O~600~-690~gge6241~M 596 -694 L 604 -686 M 604 -694 L 596 -686~#33cc33~0","W~235 -640 295 -640~#008800~1~0~none~gge6253~0","W~600 -640 670 -640~#008800~1~0~none~gge6256~0","W~480 -660 410 -660 410 -610 480 -610~#008800~1~0~none~gge6259~0","W~115 -660 45 -660 45 -610 115 -610~#008800~1~0~none~gge6262~0","F~part_netLabel_gNd~45~-610~0~gge6292~~0^^45~-610^^GND~#000000~32~-588~0~start~1~Times New Roman~9pt~flag_gge7765^^R~35~-600~~~20~1~#000000~1~0~#000000~gge6304~0~^^PL~45 -610 45 -600~#000000~1~0~transparent~gge6307~0","F~part_netLabel_gNd~410~-610~0~gge6311~~0^^410~-610^^GND~#000000~397~-588~0~start~1~Times New Roman~9pt~flag_gge7768^^R~400~-600~~~20~1~#000000~1~0~#000000~gge6323~0~^^PL~410 -610 410 -600~#000000~1~0~transparent~gge6326~0","F~part_netLabel_netPort~115~-680~0~gge6348~~0^^115~-680^^0_0~#0000FF~93~-676.4~0~end~1~Times New Roman~8pt~flag_gge7771^^PL~115 -680 110 -675 95 -675 95 -685 110 -685 115 -680~#0000FF~1~0~transparent~gge6360~0","F~part_netLabel_netPort~115~-590~0~gge6378~~0^^115~-590^^0_1~#0000FF~93~-586.7~0~end~1~Times New Roman~8pt~flag_gge7774^^PL~115 -590 110 -585 95 -585 95 -595 110 -595 115 -590~#0000FF~1~0~transparent~gge6390~0","F~part_netLabel_netPort~115~-640~0~gge6393~~0^^115~-640^^0_2~#0000FF~93~-636.7~0~end~1~Times New Roman~8pt~flag_gge7777^^PL~115 -640 110 -635 95 -635 95 -645 110 -645 115 -640~#0000FF~1~0~transparent~gge6405~0","F~part_netLabel_netPort~115~-630~0~gge6408~~0^^115~-630^^0_3~#0000FF~93~-626.7~0~end~1~Times New Roman~8pt~flag_gge7780^^PL~115 -630 110 -625 95 -625 95 -635 110 -635 115 -630~#0000FF~1~0~transparent~gge6420~0","F~part_netLabel_netPort~115~-670~0~gge6423~~0^^115~-670^^0_4~#0000FF~93~-666.7~0~end~1~Times New Roman~8pt~flag_gge7783^^PL~115 -670 110 -665 95 -665 95 -675 110 -675 115 -670~#0000FF~1~0~transparent~gge6435~0","F~part_netLabel_netPort~115~-600~0~gge6438~~0^^115~-600^^0_5~#0000FF~93~-596.7~0~end~1~Times New Roman~8pt~flag_gge7786^^PL~115 -600 110 -595 95 -595 95 -605 110 -605 115 -600~#0000FF~1~0~transparent~gge6450~0","F~part_netLabel_netPort~115~-650~0~gge6453~~0^^115~-650^^0_6~#0000FF~93~-646.7~0~end~1~Times New Roman~8pt~flag_gge7789^^PL~115 -650 110 -645 95 -645 95 -655 110 -655 115 -650~#0000FF~1~0~transparent~gge6465~0","F~part_netLabel_netPort~115~-620~0~gge6468~~0^^115~-620^^0_7~#0000FF~93~-616.7~0~end~1~Times New Roman~8pt~flag_gge7792^^PL~115 -620 110 -615 95 -615 95 -625 110 -625 115 -620~#0000FF~1~0~transparent~gge6480~0","F~part_netLabel_netPort~480~-680~0~gge6498~~0^^480~-680^^1_0~#0000FF~458~-676.4~0~end~1~Times New Roman~8pt~flag_gge7795^^PL~480 -680 475 -675 460 -675 460 -685 475 -685 480 -680~#0000FF~1~0~transparent~gge6510~0","F~part_netLabel_netPort~480~-590~0~gge6528~~0^^480~-590^^1_1~#0000FF~458~-586.7~0~end~1~Times New Roman~8pt~flag_gge7798^^PL~480 -590 475 -585 460 -585 460 -595 475 -595 480 -590~#0000FF~1~0~transparent~gge6540~0","F~part_netLabel_netPort~480~-640~0~gge6543~~0^^480~-640^^1_2~#0000FF~458~-636.7~0~end~1~Times New Roman~8pt~flag_gge7801^^PL~480 -640 475 -635 460 -635 460 -645 475 -645 480 -640~#0000FF~1~0~transparent~gge6555~0","F~part_netLabel_netPort~480~-630~0~gge6558~~0^^480~-630^^1_3~#0000FF~458~-626.7~0~end~1~Times New Roman~8pt~flag_gge7804^^PL~480 -630 475 -625 460 -625 460 -635 475 -635 480 -630~#0000FF~1~0~transparent~gge6570~0","F~part_netLabel_netPort~480~-670~0~gge6573~~0^^480~-670^^1_4~#0000FF~458~-666.7~0~end~1~Times New Roman~8pt~flag_gge7807^^PL~480 -670 475 -665 460 -665 460 -675 475 -675 480 -670~#0000FF~1~0~transparent~gge6585~0","F~part_netLabel_netPort~480~-600~0~gge6588~~0^^480~-600^^1_5~#0000FF~458~-596.7~0~end~1~Times New Roman~8pt~flag_gge7810^^PL~480 -600 475 -595 460 -595 460 -605 475 -605 480 -600~#0000FF~1~0~transparent~gge6600~0","F~part_netLabel_netPort~480~-650~0~gge6603~~0^^480~-650^^1_6~#0000FF~458~-646.7~0~end~1~Times New Roman~8pt~flag_gge7813^^PL~480 -650 475 -645 460 -645 460 -655 475 -655 480 -650~#0000FF~1~0~transparent~gge6615~0","F~part_netLabel_netPort~480~-620~0~gge6618~~0^^480~-620^^1_7~#0000FF~458~-616.7~0~end~1~Times New Roman~8pt~flag_gge7816^^PL~480 -620 475 -615 460 -615 460 -625 475 -625 480 -620~#0000FF~1~0~transparent~gge6630~0","F~part_netLabel_netPort~235~-590~180~gge6648~~0^^235~-590^^0_a~#0000FF~256.54~-586.4~0~~1~Times New Roman~8pt~flag_gge7819^^PL~235 -590 240 -595 255 -595 255 -585 240 -585 235 -590~#0000FF~1~0~transparent~gge6660~0","F~part_netLabel_netPort~235~-600~180~gge6678~~0^^235~-600^^0_f~#0000FF~255.76~-596.4~0~~1~Times New Roman~8pt~flag_gge7822^^PL~235 -600 240 -605 255 -605 255 -595 240 -595 235 -600~#0000FF~1~0~transparent~gge6690~0","F~part_netLabel_netPort~235~-610~180~gge6693~~0^^235~-610^^0_b~#0000FF~257~-606.4~0~~1~Times New Roman~8pt~flag_gge7825^^PL~235 -610 240 -615 255 -615 255 -605 240 -605 235 -610~#0000FF~1~0~transparent~gge6705~0","F~part_netLabel_netPort~235~-620~180~gge6708~~0^^235~-620^^0_g~#0000FF~256.74~-616.4~0~~1~Times New Roman~8pt~flag_gge7828^^PL~235 -620 240 -625 255 -625 255 -615 240 -615 235 -620~#0000FF~1~0~transparent~gge6720~0","F~part_netLabel_netPort~235~-650~180~gge6723~~0^^235~-650^^0_c~#0000FF~256.94~-646.4~0~~1~Times New Roman~8pt~flag_gge7831^^PL~235 -650 240 -655 255 -655 255 -645 240 -645 235 -650~#0000FF~1~0~transparent~gge6735~0","F~part_netLabel_netPort~235~-660~180~gge6738~~0^^235~-660^^0_e~#0000FF~256.94~-656.4~0~~1~Times New Roman~8pt~flag_gge7834^^PL~235 -660 240 -665 255 -665 255 -655 240 -655 235 -660~#0000FF~1~0~transparent~gge6750~0","F~part_netLabel_netPort~235~-670~180~gge6753~~0^^235~-670^^0_DP~#0000FF~256.93~-666.4~0~~1~Times New Roman~8pt~flag_gge7837^^PL~235 -670 240 -675 255 -675 255 -665 240 -665 235 -670~#0000FF~1~0~transparent~gge6765~0","F~part_netLabel_netPort~235~-680~180~gge6768~~0^^235~-680^^0_d~#0000FF~256.74~-676.4~0~~1~Times New Roman~8pt~flag_gge7840^^PL~235 -680 240 -685 255 -685 255 -675 240 -675 235 -680~#0000FF~1~0~transparent~gge6780~0","F~part_netLabel_netPort~600~-590~180~gge6798~~0^^600~-590^^1_a~#0000FF~621.75~-586.6~0~start~1~Times New Roman~8pt~flag_gge7843^^PL~600 -590 605 -595 620 -595 620 -585 605 -585 600 -590~#0000FF~1~0~transparent~gge6810~0","F~part_netLabel_netPort~600~-600~180~gge6813~~0^^600~-600^^1_f~#0000FF~620.56~-596.6~0~start~1~Times New Roman~8pt~flag_gge7846^^PL~600 -600 605 -605 620 -605 620 -595 605 -595 600 -600~#0000FF~1~0~transparent~gge6825~0","F~part_netLabel_netPort~600~-610~180~gge6828~~0^^600~-610^^1_b~#0000FF~621.84~-606.6~0~start~1~Times New Roman~8pt~flag_gge7849^^PL~600 -610 605 -615 620 -615 620 -605 605 -605 600 -610~#0000FF~1~0~transparent~gge6840~0","F~part_netLabel_netPort~600~-620~180~gge6843~~0^^600~-620^^1_g~#0000FF~621.84~-616.6~0~start~1~Times New Roman~8pt~flag_gge7852^^PL~600 -620 605 -625 620 -625 620 -615 605 -615 600 -620~#0000FF~1~0~transparent~gge6855~0","F~part_netLabel_netPort~600~-650~180~gge6858~~0^^600~-650^^1_c~#0000FF~622~-646.6~0~start~1~Times New Roman~8pt~flag_gge7855^^PL~600 -650 605 -655 620 -655 620 -645 605 -645 600 -650~#0000FF~1~0~transparent~gge6870~0","F~part_netLabel_netPort~600~-660~180~gge6873~~0^^600~-660^^1_e~#0000FF~622~-656.6~0~start~1~Times New Roman~8pt~flag_gge7858^^PL~600 -660 605 -665 620 -665 620 -655 605 -655 600 -660~#0000FF~1~0~transparent~gge6885~0","F~part_netLabel_netPort~600~-670~180~gge6888~~0^^600~-670^^1_DP~#0000FF~621.93~-666.6~0~start~1~Times New Roman~8pt~flag_gge7861^^PL~600 -670 605 -675 620 -675 620 -665 605 -665 600 -670~#0000FF~1~0~transparent~gge6900~0","F~part_netLabel_netPort~600~-680~180~gge6903~~0^^600~-680^^1_d~#0000FF~621.84~-676.6~0~start~1~Times New Roman~8pt~flag_gge7864^^PL~600 -680 605 -685 620 -685 620 -675 605 -675 600 -680~#0000FF~1~0~transparent~gge6915~0","LIB~210~-275~package`HDR-M-2.54_1X6`Supplier Part`C190819`Supplier`LCSC`Manufacturer``Manufacturer Part``Contributor`LCEDA_Lib`spicePre`J`spiceSymbolName`HDR-M-2.54_1x6`~~0~gge5cb1aece3ddc09e7~df3ca37cb13d499cb713e9aa6fdd0c7b~93b44d62463c4c9c82dd7108c8ee7d73~0~~yes~yes~~1586865170~#@$T~N~199.07~-318~0~#000080~Arial~~~~~comment~HDR-M-2.54_1x6~0~start~gge10194~0~#@$T~P~205.07~-321.75~0~#000080~Arial~~~~~comment~J1~1~start~gge6945~0~#@$R~200~-315~2~2~20~70~#880000~1~0~none~gge6951~0~#@$P~show~1~1~190~-305~180~gge6954~0^^190~-305^^M 190 -305 h 10~#000000^^1~205~-302~0~1~start~~~#000000^^0~200~-306~0~1~end~~~#000000^^0~197~-305^^0~M 200 -302 L 203 -305 L 200 -308#@$P~show~1~2~190~-295~180~gge6975~0^^190~-295^^M 190 -295 h 10~#000000^^1~205~-292~0~2~start~~~#000000^^0~200~-296~0~2~end~~~#000000^^0~197~-295^^0~M 200 -292 L 203 -295 L 200 -298#@$P~show~1~3~190~-285~180~gge6996~0^^190~-285^^M 190 -285 h 10~#000000^^1~205~-282~0~3~start~~~#000000^^0~200~-286~0~3~end~~~#000000^^0~197~-285^^0~M 200 -282 L 203 -285 L 200 -288#@$P~show~1~4~190~-275~180~gge7017~0^^190~-275^^M 190 -275 h 10~#000000^^1~205~-272~0~4~start~~~#000000^^0~200~-276~0~4~end~~~#000000^^0~197~-275^^0~M 200 -272 L 203 -275 L 200 -278#@$P~show~1~5~190~-265~180~gge7038~0^^190~-265^^M 190 -265 h 10~#000000^^1~205~-262~0~5~start~~~#000000^^0~200~-266~0~5~end~~~#000000^^0~197~-265^^0~M 200 -262 L 203 -265 L 200 -268#@$P~show~1~6~190~-255~180~gge7059~0^^190~-255^^M 190 -255 h 10~#000000^^1~205~-252~0~6~start~~~#000000^^0~200~-256~0~6~end~~~#000000^^0~197~-255^^0~M 200 -252 L 203 -255 L 200 -258","F~part_netLabel_+5V~135~-195~0~gge7230~~0^^135~-195^^+5V~#000000~125~-207~0~start~1~Times New Roman~9pt~flag_gge7867^^PL~135 -205 135 -195~#000000~1~0~transparent~gge7242~0^^PL~130 -205 140 -205~#000000~1~0~transparent~gge7245~0","F~part_netLabel_gNd~135~-365~0~gge7251~~0^^135~-365^^GND~#000000~122~-343~0~start~1~Times New Roman~9pt~flag_gge7870^^R~125~-355~~~20~1~#000000~1~0~#000000~gge7263~0~^^PL~135 -365 135 -355~#000000~1~0~transparent~gge7266~0","W~135 -365 175 -365 175 -305 190 -305~#008800~1~0~none~gge7273~0","W~190 -255 170 -255 170 -195 135 -195~#008800~1~0~none~gge7276~0","W~115 -580 115 -555 480 -555 480 -580~#008800~1~0~none~gge7417~0","W~235 -580 235 -540 625 -540 625 -580 600 -580~#008800~1~0~none~gge7420~0","W~235 -630 335 -630 335 -640~#008800~1~0~none~gge7424~0","W~600 -630 710 -630 710 -640~#008800~1~0~none~gge7572~0","F~part_netLabel_netPort~115~-555~0~gge7576~~0^^115~-555^^LOAD~#0000FF~63.39~-551.4~0~start~1~Times New Roman~8pt~flag_gge7873^^PL~115 -555 110 -550 95 -550 95 -560 110 -560 115 -555~#0000FF~1~0~transparent~gge7588~0","F~part_netLabel_netPort~625~-540~180~gge7607~~0^^625~-540^^CLK~#0000FF~646.25~-536.68~0~start~1~Times New Roman~8pt~flag_gge7876^^PL~625 -540 630 -545 645 -545 645 -535 630 -535 625 -540~#0000FF~1~0~transparent~gge7619~0","F~part_netLabel_netPort~115~-690~0~gge7638~~0^^115~-690^^DIN~#0000FF~93~-686.4~0~end~1~Times New Roman~8pt~flag_gge7879^^PL~115 -690 110 -685 95 -685 95 -695 110 -695 115 -690~#0000FF~1~0~transparent~gge7650~0","F~part_netLabel_gNd~190~-460~0~gge7671~~0^^190~-460^^GND~#000000~177~-438~0~start~1~Times New Roman~9pt~flag_gge7882^^R~180~-450~~~20~1~#000000~1~0~#000000~gge7683~0~^^PL~190 -460 190 -450~#000000~1~0~transparent~gge7686~0","F~part_netLabel_gNd~535~-460~0~gge7692~~0^^535~-460^^GND~#000000~522~-438~0~start~1~Times New Roman~9pt~flag_gge7885^^R~525~-450~~~20~1~#000000~1~0~#000000~gge7704~0~^^PL~535 -460 535 -450~#000000~1~0~transparent~gge7707~0","F~part_netLabel_+5V~190~-500~0~gge7716~~0^^190~-500^^+5V~#000000~180~-512~0~start~1~Times New Roman~9pt~flag_gge7888^^PL~190 -510 190 -500~#000000~1~0~transparent~gge7728~0^^PL~185 -510 195 -510~#000000~1~0~transparent~gge7731~0","F~part_netLabel_+5V~535~-500~0~gge7737~~0^^535~-500^^+5V~#000000~524.12~-513~0~start~1~Times New Roman~9pt~flag_gge7891^^PL~535 -510 535 -500~#000000~1~0~transparent~gge7749~0^^PL~530 -510 540 -510~#000000~1~0~transparent~gge7752~0","F~part_netLabel_netPort~190~-295~0~gge7758~~0^^190~-295^^DIN~#0000FF~149.18~-291.5~0~start~1~Times New Roman~8pt~flag_gge7894^^PL~190 -295 185 -290 170 -290 170 -300 185 -300 190 -295~#0000FF~1~0~transparent~gge7770~0","F~part_netLabel_netPort~190~-285~0~gge7773~~0^^190~-285^^LOAD~#0000FF~168~-281.4~0~end~1~Times New Roman~8pt~flag_gge7897^^PL~190 -285 185 -280 170 -280 170 -290 185 -290 190 -285~#0000FF~1~0~transparent~gge7785~0","F~part_netLabel_netPort~190~-275~0~gge7788~~0^^190~-275^^CLK~#0000FF~168~-271.4~0~end~1~Times New Roman~8pt~flag_gge7900^^PL~190 -275 185 -270 170 -270 170 -280 185 -280 190 -275~#0000FF~1~0~transparent~gge7800~0","O~190~-265~gge7818~M 186 -269 L 194 -261 M 194 -269 L 186 -261~#33cc33~0","R~695~-141~~~444~51~#880000~1~0~none~gge7825~0~","T~L~765~-126~0~#0000FF~~9pt~~~~comment~Nixie Calculator~1~start~gge7828~0~pinpart","T~L~700~-126~0~#880000~~9pt~undefined~undefined~~comment~PROJECT:~1~start~gge7834~0~pinpart","T~L~700~-96~0~#880000~~9pt~undefined~undefined~~comment~NOTE:~1~start~gge7840~0~pinpart","T~L~765~-96~0~#FF0000~~9pt~~~~comment~Use at your own risk~1~start~gge7846~0~pinpart","T~L~700~-111~0~#880000~~9pt~undefined~undefined~~comment~BOARD:~1~start~gge7852~0~pinpart","T~L~765~-111~0~#0000FF~~9pt~~~~comment~LED7SEG Driver~1~start~gge7858~0~pinpart","LIB~175~-630~package`SOIC-24_L15.4-W7.5-P1.27-LS10.3-BL`Contributor`lcsc`Supplier`LCSC`Supplier Part`C1524040`Manufacturer`ADI(\u4e9a\u5fb7\u8bfa)\/MAXIM(\u7f8e\u4fe1)`Manufacturer Part`MAX7219CWG+`JLCPCB Part Class`Extended Part`spicePre`U`spiceSymbolName`MAX7219CWG+`~~0~ggeed32e3763e3a0971~97a59184404042c9acecd184d2165ea5~10569b5631c44860b0203b6c85672936~0~~yes~yes~5331142eae4743a69921587c7182dd34~1727064646~933e5f3b64e94c9cbbc2f7e3e2ce4775#@$T~N~169.07~-705~0~#000080~Arial~~~~~comment~MAX7219CWG+~1~start~gge7866~0~#@$T~P~169.07~-713.6~0~#000080~Arial~~~~~comment~U0~1~start~gge7872~0~#@$P~show~0~24~235~-690~0~gge7878~0^^235~-690^^M 235 -690 h -10~#880000^^1~221.3~-686~0~DOUT~end~~~#0000FF^^1~225.5~-691~0~24~start~~~#0000FF^^0~228~-690^^0~M 225 -693 L 222 -690 L 225 -687#@$P~show~0~23~235~-680~0~gge7899~0^^235~-680^^M 235 -680 h -10~#880000^^1~221.3~-676~0~SEG D~end~~~#0000FF^^1~225.5~-681~0~23~start~~~#0000FF^^0~228~-680^^0~M 225 -683 L 222 -680 L 225 -677#@$P~show~0~22~235~-670~0~gge7920~0^^235~-670^^M 235 -670 h -10~#880000^^1~221.3~-666~0~SEG DP~end~~~#0000FF^^1~225.5~-671~0~22~start~~~#0000FF^^0~228~-670^^0~M 225 -673 L 222 -670 L 225 -667#@$P~show~0~21~235~-660~0~gge7941~0^^235~-660^^M 235 -660 h -10~#880000^^1~221.3~-656~0~SEG E~end~~~#0000FF^^1~225.5~-661~0~21~start~~~#0000FF^^0~228~-660^^0~M 225 -663 L 222 -660 L 225 -657#@$P~show~0~20~235~-650~0~gge7962~0^^235~-650^^M 235 -650 h -10~#880000^^1~221.3~-646~0~SEG C~end~~~#0000FF^^1~225.5~-651~0~20~start~~~#0000FF^^0~228~-650^^0~M 225 -653 L 222 -650 L 225 -647#@$P~show~0~19~235~-640~0~gge7983~0^^235~-640^^M 235 -640 h -10~#FF0000^^1~221.3~-636~0~V+~end~~~#FF0000^^1~225.5~-641~0~19~start~~~#FF0000^^0~228~-640^^0~M 225 -643 L 222 -640 L 225 -637#@$P~show~0~18~235~-630~0~gge8004~0^^235~-630^^M 235 -630 h -10~#880000^^1~221.3~-626~0~ISET~end~~~#0000FF^^1~225.5~-631~0~18~start~~~#0000FF^^0~228~-630^^0~M 225 -633 L 222 -630 L 225 -627#@$P~show~0~17~235~-620~0~gge8025~0^^235~-620^^M 235 -620 h -10~#880000^^1~221.3~-616~0~SEG G~end~~~#0000FF^^1~225.5~-621~0~17~start~~~#0000FF^^0~228~-620^^0~M 225 -623 L 222 -620 L 225 -617#@$P~show~0~16~235~-610~0~gge8046~0^^235~-610^^M 235 -610 h -10~#880000^^1~221.3~-606~0~SEG B~end~~~#0000FF^^1~225.5~-611~0~16~start~~~#0000FF^^0~228~-610^^0~M 225 -613 L 222 -610 L 225 -607#@$P~show~0~15~235~-600~0~gge8067~0^^235~-600^^M 235 -600 h -10~#880000^^1~221.3~-596~0~SEG F~end~~~#0000FF^^1~225.5~-601~0~15~start~~~#0000FF^^0~228~-600^^0~M 225 -603 L 222 -600 L 225 -597#@$P~show~0~14~235~-590~0~gge8088~0^^235~-590^^M 235 -590 h -10~#880000^^1~221.3~-586~0~SEG A~end~~~#0000FF^^1~225.5~-591~0~14~start~~~#0000FF^^0~228~-590^^0~M 225 -593 L 222 -590 L 225 -587#@$P~show~0~13~235~-580~0~gge8109~0^^235~-580^^M 235 -580 h -10~#880000^^1~221.3~-576~0~CLK~end~~~#0000FF^^1~225.5~-581~0~13~start~~~#0000FF^^0~228~-580^^0~M 225 -583 L 222 -580 L 225 -577#@$P~show~0~12~115~-580~180~gge8130~0^^115~-580^^M 115 -580 h 10~#880000^^1~128.7~-576~0~LOAD~start~~~#0000FF^^1~124.5~-581~0~12~end~~~#0000FF^^0~122~-580^^0~M 125 -577 L 128 -580 L 125 -583#@$P~show~0~11~115~-590~180~gge8151~0^^115~-590^^M 115 -590 h 10~#880000^^1~128.7~-586~0~DIG 1~start~~~#0000FF^^1~124.5~-591~0~11~end~~~#0000FF^^0~122~-590^^0~M 125 -587 L 128 -590 L 125 -593#@$P~show~0~10~115~-600~180~gge8172~0^^115~-600^^M 115 -600 h 10~#880000^^1~128.7~-596~0~DIG 5~start~~~#0000FF^^1~124.5~-601~0~10~end~~~#0000FF^^0~122~-600^^0~M 125 -597 L 128 -600 L 125 -603#@$P~show~0~9~115~-610~180~gge8193~0^^115~-610^^M 115 -610 h 10~#000000^^1~128.7~-606~0~GND~start~~~#000000^^1~124.5~-611~0~9~end~~~#000000^^0~122~-610^^0~M 125 -607 L 128 -610 L 125 -613#@$P~show~0~8~115~-620~180~gge8214~0^^115~-620^^M 115 -620 h 10~#880000^^1~128.7~-616~0~DIG 7~start~~~#0000FF^^1~124.5~-621~0~8~end~~~#0000FF^^0~122~-620^^0~M 125 -617 L 128 -620 L 125 -623#@$P~show~0~7~115~-630~180~gge8235~0^^115~-630^^M 115 -630 h 10~#880000^^1~128.7~-626~0~DIG 3~start~~~#0000FF^^1~124.5~-631~0~7~end~~~#0000FF^^0~122~-630^^0~M 125 -627 L 128 -630 L 125 -633#@$P~show~0~6~115~-640~180~gge8256~0^^115~-640^^M 115 -640 h 10~#880000^^1~128.7~-636~0~DIG 2~start~~~#0000FF^^1~124.5~-641~0~6~end~~~#0000FF^^0~122~-640^^0~M 125 -637 L 128 -640 L 125 -643#@$P~show~0~5~115~-650~180~gge8277~0^^115~-650^^M 115 -650 h 10~#880000^^1~128.7~-646~0~DIG 6~start~~~#0000FF^^1~124.5~-651~0~5~end~~~#0000FF^^0~122~-650^^0~M 125 -647 L 128 -650 L 125 -653#@$P~show~0~4~115~-660~180~gge8298~0^^115~-660^^M 115 -660 h 10~#000000^^1~128.7~-656~0~GND~start~~~#000000^^1~124.5~-661~0~4~end~~~#000000^^0~122~-660^^0~M 125 -657 L 128 -660 L 125 -663#@$P~show~0~3~115~-670~180~gge8319~0^^115~-670^^M 115 -670 h 10~#880000^^1~128.7~-666~0~DIG 4~start~~~#0000FF^^1~124.5~-671~0~3~end~~~#0000FF^^0~122~-670^^0~M 125 -667 L 128 -670 L 125 -673#@$P~show~0~2~115~-680~180~gge8340~0^^115~-680^^M 115 -680 h 10~#880000^^1~128.7~-676~0~DIG 0~start~~~#0000FF^^1~124.5~-681~0~2~end~~~#0000FF^^0~122~-680^^0~M 125 -677 L 128 -680 L 125 -683#@$P~show~0~1~115~-690~180~gge8361~0^^115~-690^^M 115 -690 h 10~#880000^^1~128.7~-686~0~DIN~start~~~#0000FF^^1~124.5~-691~0~1~end~~~#0000FF^^0~122~-690^^0~M 125 -687 L 128 -690 L 125 -693#@$E~130~-697~1.5~1.5~#880000~1~0~#880000~gge8382~0#@$R~125~-702~2~2~100~134~#880000~1~0~none~gge8385~0~#@$E~130~-697~1.5~1.5~#880000~1~0~#880000~gge8388~0","LIB~540~-630~package`SOIC-24_L15.4-W7.5-P1.27-LS10.3-BL`Contributor`lcsc`Supplier`LCSC`Supplier Part`C1524040`Manufacturer`ADI(\u4e9a\u5fb7\u8bfa)\/MAXIM(\u7f8e\u4fe1)`Manufacturer Part`MAX7219CWG+`JLCPCB Part Class`Extended Part`spicePre`U`spiceSymbolName`MAX7219CWG+`~~0~gge80a6d4425e9289dd~97a59184404042c9acecd184d2165ea5~10569b5631c44860b0203b6c85672936~0~~yes~yes~5331142eae4743a69921587c7182dd34~1727064646~933e5f3b64e94c9cbbc2f7e3e2ce4775#@$T~N~534.07~-705~0~#000080~Arial~~~~~comment~MAX7219CWG+~1~start~gge9111~0~#@$T~P~534.07~-713.6~0~#000080~Arial~~~~~comment~U1~1~start~gge9117~0~#@$P~show~0~24~600~-690~0~gge9123~0^^600~-690^^M 600 -690 h -10~#880000^^1~586.3~-686~0~DOUT~end~~~#0000FF^^1~590.5~-691~0~24~start~~~#0000FF^^0~593~-690^^0~M 590 -693 L 587 -690 L 590 -687#@$P~show~0~23~600~-680~0~gge9144~0^^600~-680^^M 600 -680 h -10~#880000^^1~586.3~-676~0~SEG D~end~~~#0000FF^^1~590.5~-681~0~23~start~~~#0000FF^^0~593~-680^^0~M 590 -683 L 587 -680 L 590 -677#@$P~show~0~22~600~-670~0~gge9165~0^^600~-670^^M 600 -670 h -10~#880000^^1~586.3~-666~0~SEG DP~end~~~#0000FF^^1~590.5~-671~0~22~start~~~#0000FF^^0~593~-670^^0~M 590 -673 L 587 -670 L 590 -667#@$P~show~0~21~600~-660~0~gge9186~0^^600~-660^^M 600 -660 h -10~#880000^^1~586.3~-656~0~SEG E~end~~~#0000FF^^1~590.5~-661~0~21~start~~~#0000FF^^0~593~-660^^0~M 590 -663 L 587 -660 L 590 -657#@$P~show~0~20~600~-650~0~gge9207~0^^600~-650^^M 600 -650 h -10~#880000^^1~586.3~-646~0~SEG C~end~~~#0000FF^^1~590.5~-651~0~20~start~~~#0000FF^^0~593~-650^^0~M 590 -653 L 587 -650 L 590 -647#@$P~show~0~19~600~-640~0~gge9228~0^^600~-640^^M 600 -640 h -10~#FF0000^^1~586.3~-636~0~V+~end~~~#FF0000^^1~590.5~-641~0~19~start~~~#FF0000^^0~593~-640^^0~M 590 -643 L 587 -640 L 590 -637#@$P~show~0~18~600~-630~0~gge9249~0^^600~-630^^M 600 -630 h -10~#880000^^1~586.3~-626~0~ISET~end~~~#0000FF^^1~590.5~-631~0~18~start~~~#0000FF^^0~593~-630^^0~M 590 -633 L 587 -630 L 590 -627#@$P~show~0~17~600~-620~0~gge9270~0^^600~-620^^M 600 -620 h -10~#880000^^1~586.3~-616~0~SEG G~end~~~#0000FF^^1~590.5~-621~0~17~start~~~#0000FF^^0~593~-620^^0~M 590 -623 L 587 -620 L 590 -617#@$P~show~0~16~600~-610~0~gge9291~0^^600~-610^^M 600 -610 h -10~#880000^^1~586.3~-606~0~SEG B~end~~~#0000FF^^1~590.5~-611~0~16~start~~~#0000FF^^0~593~-610^^0~M 590 -613 L 587 -610 L 590 -607#@$P~show~0~15~600~-600~0~gge9312~0^^600~-600^^M 600 -600 h -10~#880000^^1~586.3~-596~0~SEG F~end~~~#0000FF^^1~590.5~-601~0~15~start~~~#0000FF^^0~593~-600^^0~M 590 -603 L 587 -600 L 590 -597#@$P~show~0~14~600~-590~0~gge9333~0^^600~-590^^M 600 -590 h -10~#880000^^1~586.3~-586~0~SEG A~end~~~#0000FF^^1~590.5~-591~0~14~start~~~#0000FF^^0~593~-590^^0~M 590 -593 L 587 -590 L 590 -587#@$P~show~0~13~600~-580~0~gge9354~0^^600~-580^^M 600 -580 h -10~#880000^^1~586.3~-576~0~CLK~end~~~#0000FF^^1~590.5~-581~0~13~start~~~#0000FF^^0~593~-580^^0~M 590 -583 L 587 -580 L 590 -577#@$P~show~0~12~480~-580~180~gge9375~0^^480~-580^^M 480 -580 h 10~#880000^^1~493.7~-576~0~LOAD~start~~~#0000FF^^1~489.5~-581~0~12~end~~~#0000FF^^0~487~-580^^0~M 490 -577 L 493 -580 L 490 -583#@$P~show~0~11~480~-590~180~gge9396~0^^480~-590^^M 480 -590 h 10~#880000^^1~493.7~-586~0~DIG 1~start~~~#0000FF^^1~489.5~-591~0~11~end~~~#0000FF^^0~487~-590^^0~M 490 -587 L 493 -590 L 490 -593#@$P~show~0~10~480~-600~180~gge9417~0^^480~-600^^M 480 -600 h 10~#880000^^1~493.7~-596~0~DIG 5~start~~~#0000FF^^1~489.5~-601~0~10~end~~~#0000FF^^0~487~-600^^0~M 490 -597 L 493 -600 L 490 -603#@$P~show~0~9~480~-610~180~gge9438~0^^480~-610^^M 480 -610 h 10~#000000^^1~493.7~-606~0~GND~start~~~#000000^^1~489.5~-611~0~9~end~~~#000000^^0~487~-610^^0~M 490 -607 L 493 -610 L 490 -613#@$P~show~0~8~480~-620~180~gge9459~0^^480~-620^^M 480 -620 h 10~#880000^^1~493.7~-616~0~DIG 7~start~~~#0000FF^^1~489.5~-621~0~8~end~~~#0000FF^^0~487~-620^^0~M 490 -617 L 493 -620 L 490 -623#@$P~show~0~7~480~-630~180~gge9480~0^^480~-630^^M 480 -630 h 10~#880000^^1~493.7~-626~0~DIG 3~start~~~#0000FF^^1~489.5~-631~0~7~end~~~#0000FF^^0~487~-630^^0~M 490 -627 L 493 -630 L 490 -633#@$P~show~0~6~480~-640~180~gge9501~0^^480~-640^^M 480 -640 h 10~#880000^^1~493.7~-636~0~DIG 2~start~~~#0000FF^^1~489.5~-641~0~6~end~~~#0000FF^^0~487~-640^^0~M 490 -637 L 493 -640 L 490 -643#@$P~show~0~5~480~-650~180~gge9522~0^^480~-650^^M 480 -650 h 10~#880000^^1~493.7~-646~0~DIG 6~start~~~#0000FF^^1~489.5~-651~0~5~end~~~#0000FF^^0~487~-650^^0~M 490 -647 L 493 -650 L 490 -653#@$P~show~0~4~480~-660~180~gge9543~0^^480~-660^^M 480 -660 h 10~#000000^^1~493.7~-656~0~GND~start~~~#000000^^1~489.5~-661~0~4~end~~~#000000^^0~487~-660^^0~M 490 -657 L 493 -660 L 490 -663#@$P~show~0~3~480~-670~180~gge9564~0^^480~-670^^M 480 -670 h 10~#880000^^1~493.7~-666~0~DIG 4~start~~~#0000FF^^1~489.5~-671~0~3~end~~~#0000FF^^0~487~-670^^0~M 490 -667 L 493 -670 L 490 -673#@$P~show~0~2~480~-680~180~gge9585~0^^480~-680^^M 480 -680 h 10~#880000^^1~493.7~-676~0~DIG 0~start~~~#0000FF^^1~489.5~-681~0~2~end~~~#0000FF^^0~487~-680^^0~M 490 -677 L 493 -680 L 490 -683#@$P~show~0~1~480~-690~180~gge9606~0^^480~-690^^M 480 -690 h 10~#880000^^1~493.7~-686~0~DIN~start~~~#0000FF^^1~489.5~-691~0~1~end~~~#0000FF^^0~487~-690^^0~M 490 -687 L 493 -690 L 490 -693#@$E~495~-697~1.5~1.5~#880000~1~0~#880000~gge9627~0#@$R~490~-702~2~2~100~134~#880000~1~0~none~gge9630~0~#@$E~495~-697~1.5~1.5~#880000~1~0~#880000~gge9633~0","LIB~315~-640~package`R0805`nameAlias`Value(\u03a9)`Supplier Part``Supplier``Contributor`LCEDA_Lib`spicePre`R`spiceSymbolName`R_0805_EU`Manufacturer Part``~~0~gge2b63f9413563c126~b60f399a7a7e41848b2be1eb49c79141~ed9eb2faffb34286820a54a14e9e9e24~0~~yes~yes~~1586862245~#@$T~N~309.04~-648~0~#000080~Arial~~~~~comment~39k~1~start~gge9664~0~#@$T~P~309.04~-656.71~0~#000080~Arial~~~~~comment~R1~1~start~gge9670~0~#@$R~305~-645~~~20~10~#A00000~1~0~none~gge9676~0~#@$P~show~0~2~335~-640~0~gge9679~0^^335~-640^^M 325 -640 h 10~#800^^0~321~-640~0~2~end~~~#800^^0~329~-644~0~2~start~~~#800^^0~348~-640^^0~M 345 -643 L 342 -640 L 345 -637#@$P~show~0~1~295~-640~180~gge9700~0^^295~-640^^M 305 -640 h -10~#800^^0~309~-640~0~1~start~~~#800^^0~301~-644~0~1~end~~~#800^^0~282~-640^^0~M 285 -637 L 288 -640 L 285 -643","LIB~690~-640~package`R0805`nameAlias`Value(\u03a9)`Supplier Part``Supplier``Contributor`LCEDA_Lib`spicePre`R`spiceSymbolName`R_0805_EU`Manufacturer Part``~~0~gge4b90a8235b1e81ec~b60f399a7a7e41848b2be1eb49c79141~ed9eb2faffb34286820a54a14e9e9e24~0~~yes~yes~~1586862245~#@$T~N~684.04~-648~0~#000080~Arial~~~~~comment~39k~1~start~gge9728~0~#@$T~P~684.04~-656.71~0~#000080~Arial~~~~~comment~R2~1~start~gge9734~0~#@$R~680~-645~~~20~10~#A00000~1~0~none~gge9740~0~#@$P~show~0~2~710~-640~0~gge9743~0^^710~-640^^M 700 -640 h 10~#800^^0~696~-640~0~2~end~~~#800^^0~704~-644~0~2~start~~~#800^^0~723~-640^^0~M 720 -643 L 717 -640 L 720 -637#@$P~show~0~1~670~-640~180~gge9764~0^^670~-640^^M 680 -640 h -10~#800^^0~684~-640~0~1~start~~~#800^^0~676~-644~0~1~end~~~#800^^0~657~-640^^0~M 660 -637 L 663 -640 L 660 -643","LIB~190~-480~package`C0805`nameAlias`Value(F)`Supplier Part``Supplier``Contributor`LCEDA_Lib`spicePre`C`spiceSymbolName`C_0805_US`Manufacturer Part``~90~0~gge8700297c5ac29df8~2ee8eb13a0124a108e622ce40c0c25a8~b82150387a2041b4afd55b90c79c5923~0~~yes~yes~~1586863213~#@$T~N~200~-467.86~0~#000080~Arial~~~~~comment~0.1u~1~start~gge9849~0~#@$T~P~200~-476.57~0~#000080~Arial~~~~~comment~C1~1~start~gge9855~0~#@$PL~198 -478 182 -478~#A00000~1~0~none~gge9861~0#@$P~show~0~1~190~-460~270~gge9864~0^^190~-460^^M 190 -470 v 10~#800^^0~190~-474~270~1~start~~~#800^^0~186~-466~270~1~end~~~#800^^0~190~-447^^0~M 193 -450 L 190 -453 L 187 -450#@$PL~190 -490 190 -482~#A00000~1~0~none~gge9885~0#@$PL~182 -482 198 -482~#A00000~1~0~none~gge9888~0#@$P~show~0~2~190~-500~90~gge9891~0^^190~-500^^M 190 -490 v -10~#800^^0~190~-486~270~2~end~~~#800^^0~186~-494~270~2~start~~~#800^^0~190~-513^^0~M 187 -510 L 190 -507 L 193 -510#@$PL~190 -478 190 -470~#A00000~1~0~none~gge9912~0","LIB~535~-480~package`C0805`nameAlias`Value(F)`Supplier Part``Supplier``Contributor`LCEDA_Lib`spicePre`C`spiceSymbolName`C_0805_US`Manufacturer Part``~90~0~gge8df91968901ef277~2ee8eb13a0124a108e622ce40c0c25a8~b82150387a2041b4afd55b90c79c5923~0~~yes~yes~~1586863213~#@$T~N~545~-467.86~0~#000080~Arial~~~~~comment~0.1u~1~start~gge9921~0~#@$T~P~545~-476.57~0~#000080~Arial~~~~~comment~C2~1~start~gge9927~0~#@$PL~543 -478 527 -478~#A00000~1~0~none~gge9933~0#@$P~show~0~1~535~-460~270~gge9936~0^^535~-460^^M 535 -470 v 10~#800^^0~535~-474~270~1~start~~~#800^^0~531~-466~270~1~end~~~#800^^0~535~-447^^0~M 538 -450 L 535 -453 L 532 -450#@$PL~535 -490 535 -482~#A00000~1~0~none~gge9957~0#@$PL~527 -482 543 -482~#A00000~1~0~none~gge9960~0#@$P~show~0~2~535~-500~90~gge9963~0^^535~-500^^M 535 -490 v -10~#800^^0~535~-486~270~2~end~~~#800^^0~531~-494~270~2~start~~~#800^^0~535~-513^^0~M 532 -510 L 535 -507 L 538 -510#@$PL~535 -478 535 -470~#A00000~1~0~none~gge9984~0","J~45~-610~2.5~#CC0000~gge6308~0","J~410~-610~2.5~#CC0000~gge6327~0","J~115~-555~2.5~#CC0000~gge7589~0","J~625~-540~2.5~#CC0000~gge7862~0","J~295~-640~2.5~#CC0000~gge9722~0","J~670~-640~2.5~#CC0000~gge9786~0"],"BBox":{"x":0,"y":-806.5,"width":1149,"height":807},"colors":[]}}],"docType":5,"title":"Nixie_Calculator_LED7SEG_Driver","name":"Nixie_Calculator_LED7SEG_Driver"}